-- Año: 2023
-- Grupo: 11
-- Integrantes: Kameyha Facundo, Sebastian Contreras
-- Tema: Veterinaria
-- Nombre del Esquema: LBD2023G11Veterinaria
-- Plataforma (SO + Versión): Windows 10 Home 10.0.19044 compilación 19044
-- Motor y Versión: MySQL Server 8 (Community Edition)
-- GitHub Repositorio: LBD2023G11
-- GitHub Usuarios: KameyhaFacundo, sebastian-contreras

-- MySQL Script generated by MySQL Workbench
-- Fri May 12 22:42:13 2023
-- Model: New Model    Version: 1.0
-- MySQL Workbench Forward Engineering

SET @OLD_UNIQUE_CHECKS=@@UNIQUE_CHECKS, UNIQUE_CHECKS=0;
SET @OLD_FOREIGN_KEY_CHECKS=@@FOREIGN_KEY_CHECKS, FOREIGN_KEY_CHECKS=0;
SET @OLD_SQL_MODE=@@SQL_MODE, SQL_MODE='TRADITIONAL,ALLOW_INVALID_DATES';

-- -----------------------------------------------------
-- Schema LBD2023G11Veterinaria
-- -----------------------------------------------------

-- -----------------------------------------------------
-- Schema LBD2023G11Veterinaria
-- -----------------------------------------------------
CREATE SCHEMA IF NOT EXISTS `LBD2023G11Veterinaria` DEFAULT CHARACTER SET utf8 ;
USE `LBD2023G11Veterinaria` ;

-- -----------------------------------------------------
-- Table `LBD2023G11Veterinaria`.`Personas`
-- -----------------------------------------------------
CREATE TABLE IF NOT EXISTS `LBD2023G11Veterinaria`.`Personas` (
  `DNI` INT NOT NULL,
  `Apellido` VARCHAR(25) NOT NULL,
  `Nombre` VARCHAR(25) NOT NULL,
  `Telefono` VARCHAR(15) NOT NULL,
  `Email` VARCHAR(45) NOT NULL,
  `Rol` ENUM('Cliente', 'Veterinario','Empleado', 'Administrador') NOT NULL DEFAULT 'Cliente',
  `Matricula` VARCHAR(45) NULL DEFAULT NULL,
  constraint privilegios CHECK(
    (Rol='Veterinario' AND Matricula IS NOT NULL) OR 
    (Rol='Cliente' AND Matricula IS NULL) OR 
    (Rol='Empleado' AND Matricula IS NULL) OR 
    (Rol='Administrador' AND Matricula IS NULL)),
  `Direccion` TINYTEXT NULL,
  PRIMARY KEY (`DNI`),
  UNIQUE INDEX `Matricula_UNIQUE` (`Matricula` ASC),
  UNIQUE INDEX `Email_UNIQUE` (`Email` ASC))
ENGINE = InnoDB;


-- -----------------------------------------------------
-- Table `LBD2023G11Veterinaria`.`Mascotas`
-- -----------------------------------------------------
CREATE TABLE IF NOT EXISTS `LBD2023G11Veterinaria`.`Mascotas` (
  `idMascotas` INT NOT NULL AUTO_INCREMENT,
  `Personas_DNI` INT NOT NULL,
  `Mascota` VARCHAR(25) NOT NULL,
  `FechaDeNacimiento` DATE NOT NULL,
  `Tipo` ENUM('Perro', 'Gato', 'Pajaro', 'Pez', 'Hamster') NOT NULL,
  `urlFoto` VARCHAR(2083) NOT NULL,
  `sexo` ENUM('Macho', 'Hembra') NOT NULL DEFAULT 'Macho',
  PRIMARY KEY (`idMascotas`, `Personas_DNI`),
  INDEX `fk_Mascotas_Personas1_idx` (`Personas_DNI` ASC),
  CONSTRAINT `fk_Mascotas_Personas1`
    FOREIGN KEY (`Personas_DNI`)
    REFERENCES `LBD2023G11Veterinaria`.`Personas` (`DNI`)
    ON DELETE NO ACTION
    ON UPDATE NO ACTION)
ENGINE = InnoDB;


-- -----------------------------------------------------
-- Table `LBD2023G11Veterinaria`.`Citas`
-- -----------------------------------------------------
CREATE TABLE IF NOT EXISTS `LBD2023G11Veterinaria`.`Citas` (
  `idCita` INT NOT NULL AUTO_INCREMENT,
  `Mascota_idMascota` INT NOT NULL,
  `Mascota_Cliente_DNI` INT NOT NULL,
  `Veterinario_DNI` INT NOT NULL,
  `Fecha` DATETIME NOT NULL DEFAULT CURRENT_TIMESTAMP,
  `Consultorio` ENUM('A1', 'A2', 'A3', 'A4', 'A5') NOT NULL,
  `Monto` FLOAT NOT NULL CHECK (Monto > 0),  -- Agrego restriccion de monto >0
  PRIMARY KEY (`idCita`, `Mascota_idMascota`, `Mascota_Cliente_DNI`, `Veterinario_DNI`),
  INDEX `fk_Cita_Personas1_idx` (`Veterinario_DNI` ASC),
  INDEX `fk_Cita_Mascotas1_idx` (`Mascota_idMascota` ASC, `Mascota_Cliente_DNI` ASC),
  CONSTRAINT `fk_Cita_Personas1`
    FOREIGN KEY (`Veterinario_DNI`)
    REFERENCES `LBD2023G11Veterinaria`.`Personas` (`DNI`)
    ON DELETE NO ACTION
    ON UPDATE NO ACTION,
  CONSTRAINT `fk_Cita_Mascotas1`
    FOREIGN KEY (`Mascota_idMascota` , `Mascota_Cliente_DNI`)
    REFERENCES `LBD2023G11Veterinaria`.`Mascotas` (`idMascotas` , `Personas_DNI`)
    ON DELETE NO ACTION
    ON UPDATE NO ACTION)
ENGINE = InnoDB;


-- -----------------------------------------------------
-- Table `LBD2023G11Veterinaria`.`Historias`
-- -----------------------------------------------------
CREATE TABLE IF NOT EXISTS `LBD2023G11Veterinaria`.`Historias` (
  `idHistoria` INT NOT NULL AUTO_INCREMENT,
  `Citas_idCita` INT NOT NULL,
  `Citas_Mascota_idMascota` INT NOT NULL,
  `Citas_Mascota_Cliente_DNI` INT NOT NULL,
  `Citas_Veterinario_DNI` INT NOT NULL,
  `Titulo` VARCHAR(100) NOT NULL,
  `Descripcion` MEDIUMTEXT NOT NULL,
  `Imagenes` MEDIUMTEXT NULL,
  PRIMARY KEY (`idHistoria`, `Citas_idCita`, `Citas_Mascota_idMascota`, `Citas_Mascota_Cliente_DNI`, `Citas_Veterinario_DNI`),
  INDEX `fk_Historias_Citas1_idx` (`Citas_idCita` ASC, `Citas_Mascota_idMascota` ASC, `Citas_Mascota_Cliente_DNI` ASC, `Citas_Veterinario_DNI` ASC),
  CONSTRAINT `fk_Historias_Citas1`
    FOREIGN KEY (`Citas_idCita` , `Citas_Mascota_idMascota` , `Citas_Mascota_Cliente_DNI` , `Citas_Veterinario_DNI`)
    REFERENCES `LBD2023G11Veterinaria`.`Citas` (`idCita` , `Mascota_idMascota` , `Mascota_Cliente_DNI` , `Veterinario_DNI`)
    ON DELETE NO ACTION
    ON UPDATE NO ACTION)
ENGINE = InnoDB;


-- -----------------------------------------------------
-- Table `LBD2023G11Veterinaria`.`Proveedores`
-- -----------------------------------------------------
CREATE TABLE IF NOT EXISTS `LBD2023G11Veterinaria`.`Proveedores` (
  `CUIL` INT NOT NULL,
  `Nombre` VARCHAR(25) NOT NULL,
  `Direccion` TINYTEXT NOT NULL,
  `Telefono` VARCHAR(15) NOT NULL,
  `Email` VARCHAR(80) NOT NULL,
  `Estado` BIT(1) NOT NULL DEFAULT 1,
  PRIMARY KEY (`CUIL`))
ENGINE = InnoDB;

-- -----------------------------------------------------
-- Table `LBD2023G11Veterinaria`.`Compras`
-- -----------------------------------------------------
CREATE TABLE IF NOT EXISTS `LBD2023G11Veterinaria`.`Compras` (
  `idCompras` INT NOT NULL AUTO_INCREMENT,
  `Proveedor_CUIL` INT NOT NULL,
  `Fecha` DATETIME NOT NULL DEFAULT CURRENT_TIMESTAMP,
  PRIMARY KEY (`idCompras`, `Proveedor_CUIL`),
  INDEX `fk_Compras_Provedores1_idx` (`Proveedor_CUIL` ASC),
  CONSTRAINT `fk_Compras_Provedores1`
    FOREIGN KEY (`Proveedor_CUIL`)
    REFERENCES `LBD2023G11Veterinaria`.`Proveedores` (`CUIL`)
    ON DELETE NO ACTION
    ON UPDATE NO ACTION)
ENGINE = InnoDB;


-- -----------------------------------------------------
-- Table `LBD2023G11Veterinaria`.`Insumos`
-- -----------------------------------------------------
CREATE TABLE IF NOT EXISTS `LBD2023G11Veterinaria`.`Insumos` (
  `idInsumos` INT NOT NULL AUTO_INCREMENT,
  `Insumo` VARCHAR(100) NOT NULL,
  `Cantidad` INT NOT NULL CHECK (Cantidad > 0) ,   -- Creacion de restriccion cantidad > 0
  `precioRefVenta` FLOAT NOT NULL CHECK (precioRefVenta > 0) ,   -- Creacion de restriccion precio de referencia > 0
  PRIMARY KEY (`idInsumos`))
ENGINE = InnoDB;

-- Agrego Indice Unique a tabla INSUMOS columna Nombre
ALTER TABLE `Insumos` ADD CONSTRAINT `U_InsumoNombre` UNIQUE (`Insumo`);

-- -----------------------------------------------------
-- Table `LBD2023G11Veterinaria`.`LineaDeCompras`
-- -----------------------------------------------------
CREATE TABLE IF NOT EXISTS `LBD2023G11Veterinaria`.`LineaDeCompras` (
  `idLineaDeCompras` INT NOT NULL AUTO_INCREMENT,
  `idCompras` INT NOT NULL,
  `idInsumos` INT NOT NULL,
  `PrecioUnidad` FLOAT NOT NULL CHECK (PrecioUnidad > 0) ,   -- Creacion de restriccion precio unidad > 0
  `Cantidad` INT NOT NULL CHECK (Cantidad > 0), -- Creacion de restriccion cantidad > 0
  PRIMARY KEY (`idLineaDeCompras`, `idCompras`, `idInsumos`),
  INDEX `fk_LineaDeCompras_Insumos1_idx` (`idInsumos` ASC),
  CONSTRAINT `fk_LineaDeCompras_Compras1`
    FOREIGN KEY (`idCompras`)
    REFERENCES `LBD2023G11Veterinaria`.`Compras` (`idCompras`)
    ON DELETE NO ACTION
    ON UPDATE NO ACTION,
  CONSTRAINT `fk_LineaDeCompras_Insumos1`
    FOREIGN KEY (`idInsumos`)
    REFERENCES `LBD2023G11Veterinaria`.`Insumos` (`idInsumos`)
    ON DELETE NO ACTION
    ON UPDATE NO ACTION)
ENGINE = InnoDB;


-- -----------------------------------------------------
-- Table `LBD2023G11Veterinaria`.`Ventas`
-- -----------------------------------------------------
CREATE TABLE IF NOT EXISTS `LBD2023G11Veterinaria`.`Ventas` (
  `idVentas` INT NOT NULL AUTO_INCREMENT,
  `Cliente_DNI` INT NULL,
  `Fecha` DATETIME NOT NULL DEFAULT CURRENT_TIMESTAMP,
  `Servicio` ENUM('VENTA', 'CONSULTA', 'VACUNACION', 'CIRUGIA', 'DIAGNOSTICO') NULL DEFAULT 'VENTA',
  `Vendedor_DNI` INT NOT NULL,
  PRIMARY KEY (`idVentas`),
  INDEX `fk_Ventas_Personas1_idx` (`Cliente_DNI` ASC) VISIBLE,
  INDEX `fk_Ventas_Personas2_idx` (`Vendedor_DNI` ASC) VISIBLE,
  CONSTRAINT `fk_Ventas_Personas1`
    FOREIGN KEY (`Cliente_DNI`)
    REFERENCES `LBD2023G11Veterinaria`.`Personas` (`DNI`)
    ON DELETE NO ACTION
    ON UPDATE NO ACTION,
  CONSTRAINT `fk_Ventas_Personas2`
    FOREIGN KEY (`Vendedor_DNI`)
    REFERENCES `LBD2023G11Veterinaria`.`Personas` (`DNI`)
    ON DELETE NO ACTION
    ON UPDATE NO ACTION)
ENGINE = InnoDB;

-- -----------------------------------------------------
-- Table `LBD2023G11Veterinaria`.`LineaDeVentas`
-- -----------------------------------------------------
CREATE TABLE IF NOT EXISTS `LBD2023G11Veterinaria`.`LineaDeVentas` (
  `idLineaDeVenta` INT NOT NULL AUTO_INCREMENT,
  `idVentas` INT NOT NULL,
  `idInsumos` INT NOT NULL,
  `PrecioUnidad` FLOAT NOT NULL CHECK (PrecioUnidad > 0) ,   -- Creacion de restriccion precio unidad > 0
  `Cantidad` INT NOT NULL DEFAULT 1 CHECK (Cantidad > 0) ,   -- Creacion de restriccion cantidad > 0
  PRIMARY KEY (`idLineaDeVenta`, `idVentas`, `idInsumos`),
  INDEX `fk_LineaDeVentas_Ventas1_idx` (`idVentas` ASC),
  INDEX `fk_LineaDeVentas_Insumos1_idx` (`idInsumos` ASC),
  CONSTRAINT `fk_LineaDeVentas_Ventas1`
    FOREIGN KEY (`idVentas`)
    REFERENCES `LBD2023G11Veterinaria`.`Ventas` (`idVentas`)
    ON DELETE NO ACTION
    ON UPDATE NO ACTION,
  CONSTRAINT `fk_LineaDeVentas_Insumos1`
    FOREIGN KEY (`idInsumos`)
    REFERENCES `LBD2023G11Veterinaria`.`Insumos` (`idInsumos`)
    ON DELETE NO ACTION
    ON UPDATE NO ACTION)
ENGINE = InnoDB;


SET SQL_MODE=@OLD_SQL_MODE;
SET FOREIGN_KEY_CHECKS=@OLD_FOREIGN_KEY_CHECKS;
SET UNIQUE_CHECKS=@OLD_UNIQUE_CHECKS;


-- CONSULTAS
-- ----------------------------------------------------
-- inserccion de Empleados
-- ----------------------------------------------------
INSERT INTO Personas (DNI, Nombre, Apellido, Telefono, Email, Rol, Matricula, Direccion)
VALUES (98765432, 'Juan', 'Perez', '123456789', 'juanperez@example.com', 'Empleado', NULL, 'Ciudad de Ejemplo');
INSERT INTO Personas (DNI, Nombre, Apellido, Telefono, Email, Rol, Matricula, Direccion)
VALUES (54321098, 'María', 'López', '987654321', 'marialopez@example.com', 'Empleado', NULL, 'Otro Lugar');
INSERT INTO Personas (DNI, Nombre, Apellido, Telefono, Email, Rol, Matricula, Direccion)
VALUES (87654321, 'Carlos', 'Gómez', '456789123', 'carlosgomez@example.com', 'Empleado', NULL, 'Algún Sitio');


-- ----------------------------------------------------
-- inserccion de clientes
-- ----------------------------------------------------
INSERT INTO Personas (DNI,Nombre,Apellido,Telefono,Email,Rol,Matricula,Direccion) VALUES (13456672, 'Facundo', 'Kameyha','381345467','facKame@gmail.com','Cliente',NULL,'San Miguel de Tucumán');
INSERT INTO Personas (DNI,Nombre,Apellido,Telefono,Email,Direccion) VALUES (14456672, 'Sebastian', 'Contreras','381345467','sContreras@gmail.com','San Miguel de Tucumán');
INSERT INTO Personas (DNI,Nombre,Apellido,Telefono,Email,Direccion) VALUES (31567788, 'Maria', 'Gomez', '1145667889', 'mgomez@gmail.com', 'Av. Corrientes 1234');
INSERT INTO Personas (DNI,Nombre,Apellido,Telefono,Email,Direccion) VALUES (25567344, 'Lucas', 'Rodriguez', '2234567890', 'lrodriguez@yahoo.com', 'Av. Mitre 987');
INSERT INTO Personas (DNI,Nombre,Apellido,Telefono,Email,Direccion) VALUES (38768990, 'Carla', 'Lopez', '0114356899', 'clopez@hotmail.com', 'Calle 15 #456');
INSERT INTO Personas (DNI,Nombre,Apellido,Telefono,Email,Direccion) VALUES (29874216, 'Ana', 'González', '0112458796', 'ana.gonzalez@gmail.com', 'Av. Cabildo 1234, Buenos Aires');
INSERT INTO Personas (DNI,Nombre,Apellido,Telefono,Email,Direccion) VALUES (40899365, 'Javier', 'Martínez', '0345546789', 'jmartinez@hotmail.com', 'Calle San Martín 567, Córdoba');
INSERT INTO Personas (DNI,Nombre,Apellido,Telefono,Email,Direccion) VALUES (25781234, 'María', 'Gómez', '0221423658', 'mgomez@yahoo.com.ar', 'Calle Belgrano 789, La Plata');
INSERT INTO Personas (DNI,Nombre,Apellido,Telefono,Email,Direccion) VALUES (40523123, 'Juan', 'Pérez', '0299154678', 'jperez@hotmail.com', 'Av. San Martín 4321, Bariloche');
INSERT INTO Personas (DNI,Nombre,Apellido,Telefono,Email,Direccion) VALUES (18765432, 'Lucas', 'Ríos', '0261154789', 'lucasrios@gmail.com', 'Calle Sarmiento 123, Mendoza');
INSERT INTO Personas (DNI,Nombre,Apellido,Telefono,Email,Direccion) VALUES (31987654, 'Carla', 'López', '0223498576', 'clopez@gmail.com', 'Calle España 2345, Mar del Plata');
INSERT INTO Personas (DNI,Nombre,Apellido,Telefono,Email,Direccion) VALUES (43789123, 'Federico', 'Rodríguez', '0351156789', 'frodri@gmail.com', 'Av. 9 de Julio 567, Rosario');
INSERT INTO Personas (DNI,Nombre,Apellido,Telefono,Email,Direccion) VALUES (30657891, 'Sofía', 'Fernández', '0343154769', 'sfernandez@yahoo.com', 'Calle Mitre 876, Santa Fe');
INSERT INTO Personas (DNI,Nombre,Apellido,Telefono,Email,Direccion) VALUES (23981234, 'Tomás', 'Giménez', '0114748965', 'tgimenez@hotmail.com', 'Calle Rivadavia 2345, Buenos Aires');
INSERT INTO Personas (DNI,Nombre,Apellido,Telefono,Email,Direccion) VALUES (39456789, 'Valentina', 'García', '0223157890', 'vgarcia@yahoo.com', 'Av. Independencia 123, La Plata');
-- -----------------------------------------------------
-- inserccion de Veterinarios
-- ----------------------------------------------------
INSERT INTO Personas (DNI,Nombre,Apellido,Telefono,Email,Rol,Matricula,Direccion) VALUES (45678234, 'Carla', 'Gomez', '3415567890', 'carla.gomez@gmail.com', 'Veterinario', '99876', 'Rosario');
INSERT INTO Personas (DNI,Nombre,Apellido,Telefono,Email,Rol,Matricula,Direccion) VALUES (24987654, 'Juan', 'Perez', '1145678901', 'juanperez@gmail.com', 'Veterinario', '76543', 'Ciudad de Buenos Aires');
INSERT INTO Personas (DNI,Nombre,Apellido,Telefono,Email,Rol,Matricula,Direccion) VALUES (67893456, 'Martina', 'Gonzalez', '2973456789', 'martina.gonzalez@gmail.com', 'Veterinario', '45678', 'Neuquén');
INSERT INTO Personas (DNI,Nombre,Apellido,Telefono,Email,Rol,Matricula,Direccion) VALUES (38976543, 'Lucas', 'Rodriguez', '2211234567', 'lucas.rodriguez@gmail.com', 'Veterinario', '65432', 'La Plata');
INSERT INTO Personas (DNI,Nombre,Apellido,Telefono,Email,Rol,Matricula,Direccion) VALUES (67891234, 'Camila', 'Lopez', '1149876543', 'camila.lopez@gmail.com', 'Veterinario', '11111', 'Ciudad de Buenos Aires');

-- ----------------------------------------------------
-- inserccion de Administrador
-- ----------------------------------------------------
INSERT INTO Personas (DNI,Nombre,Apellido,Telefono,Email,Rol,Direccion) VALUES (51523788, 'Administrador', 'Gomez', '12667889', 'admin@gmail.com','Administrador', 'Callera 123');

-- ----------------------------------------------------
-- inserccion de Mascostas
-- ----------------------------------------------------
INSERT INTO Mascotas (Personas_DNI, Mascota, FechaDeNacimiento, Tipo, urlFoto, sexo)
VALUES
(14456672, 'Rufus', '2018-04-12', 'Perro', 'https://www.example.com/rufus.jpg', 'Macho'),
(31567788, 'Luna', '2019-09-21', 'Gato', 'https://www.example.com/luna.jpg', 'Hembra'),
(25567344, 'Piolin', '2020-02-14', 'Pajaro', 'https://www.example.com/piolin.jpg', 'Macho'),
(38768990, 'Nemo', '2017-11-03', 'Pez', 'https://www.example.com/nemo.jpg', 'Macho'),
(29874216, 'Bola', '2022-01-05', 'Hamster', 'https://www.example.com/bola.jpg', 'Hembra'),
(40899365, 'Max', '2020-03-20', 'Perro', 'https://www.example.com/max.jpg', 'Macho'),
(25781234, 'Tom', '2021-05-01', 'Gato', 'https://www.example.com/tom.jpg', 'Macho'),
(40523123, 'Puffy', '2019-12-08', 'Pez', 'https://www.example.com/puffy.jpg', 'Hembra'),
(18765432, 'Buddy', '2020-06-15', 'Perro', 'https://www.example.com/buddy.jpg', 'Macho'),
(31987654, 'Tweety', '2018-07-22', 'Pajaro', 'https://www.example.com/tweety.jpg', 'Hembra'),
(43789123, 'Jerry', '2021-02-11', 'Gato', 'https://www.example.com/jerry.jpg', 'Macho'),
(30657891, 'Daisy', '2019-04-30', 'Hamster', 'https://www.example.com/daisy.jpg', 'Hembra'),
(23981234, 'Goldie', '2017-08-17', 'Pez', 'https://www.example.com/goldie.jpg', 'Hembra'),
(39456789, 'Toto', '2019-10-10', 'Perro', 'https://www.example.com/toto.jpg', 'Macho'),
(45678234, 'Tweety', '2018-07-22', 'Pajaro', 'https://www.example.com/tweety.jpg', 'Hembra'),
(24987654, 'Jerry', '2021-02-11', 'Gato', 'https://www.example.com/jerry.jpg', 'Macho'),
(67893456, 'Daisy', '2019-04-30', 'Hamster', 'https://www.example.com/daisy.jpg', 'Hembra'),
(38976543, 'Goldie', '2017-08-17', 'Pez', 'https://www.example.com/goldie.jpg', 'Hembra'),
(67891234, 'Toto', '2019-10-10', 'Perro', 'https://www.example.com/toto.jpg', 'Macho');

-- -------------------------------------------
-- Inserccion de Provedores
-- ----------------------------------------------------
INSERT INTO Proveedores (CUIL, Nombre, Direccion, Telefono, Email, Estado) VALUES
(202345621, 'Clínica Veterinaria Sol', 'Calle San Luis 567, San Luis', '0266-478-9012', 'clinicaveterinariasol@hotmail.com', 0),
(202134567, 'Mascotas Salvajes', 'Av. Belgrano 789, Salta', '0387-498-1234', 'mascotassalvajes@gmail.com', 0),
(202345111, 'Vet Libertad', 'Calle San Juan 2345, San Juan', '0264-456-7890', 'vetlibertad@yahoo.com', 01),
(201234571, 'Consulta Veterinaria', 'Av. Pueyrredón 1234, Buenos Aires', '011-4789-3456', 'consultaveterinaria@gmail.com', 0),
(2030345621, 'Vet Pura', 'Calle Catamarca 567, Catamarca', '0383-478-9012', 'vetpura@hotmail.com', 1),
(202198761, 'Mascotas VIP', 'Av. Santa Fe 2345, Buenos Aires', '011-4876-9012', 'mascotasvip@yahoo.com', 0),
(202345681, 'Vet Saludable', 'Calle Mendoza 876, Mendoza', '0261-456-7890', 'vetsaludable@gmail.com', 0),
(201234573, 'Mascotas Felices', 'Av. Corrientes 1234, Buenos Aires', '011-4789-4567', 'mascotasfelices@hotmail.com', 1),
(202345691, 'Vet Confianza', 'Calle Tucumán 123, Tucumán', '0381-478-9012', 'vetconfianza@yahoo.com', 0),
(202198763, 'Mascotas Mimosas', 'Av. Córdoba 2345, Buenos Aires', '011-4856-9012', 'mascotasmimosas@gmail.com', 1),
(2030345622, 'Vet Amigo', 'Calle Buenos Aires 345, La Plata', '0221-478-9012', 'vetamigo@hotmail.com', 0),
(202198764, 'Mascotas y Compañía', 'Av. Callao 567, Buenos Aires', '011-4876-1234', 'mascotascompania@gmail.com', 0),
(2030345623, 'Vet Natural', 'Calle Salta 789, Córdoba', '0351-478-9012', 'vetnatural@yahoo.com', 0),
(202198765, 'Mascotas en Casa', 'Av. Cabildo 2345, Buenos Aires', '011-4786-9012', 'mascotasencasa@hotmail.com', 0),
(2030345624, 'Vet Sano', 'Calle Entre Ríos 567, Rosario', '0341-478-9012', 'vetsano@gmail.com', 0),
(202198766, 'Mascotas Felinas', 'Av. Santa Fe 1234, Buenos Aires', '011-4876-5678', 'mascotasfelinas@yaho.com', 0),
(202345701, 'Vet Vital', 'Calle Jujuy 345, Jujuy', '0388-478-9012', 'vetvital@gmail.com', 0),
(202198767, 'Mascotas Mimadas', 'Av. Rivadavia 2345, Buenos Aires', '011-4867-9012', 'mascotasmimadas@yahoo.com', 0),
(2030345625, 'Vet Sanidad', 'Calle Santa Fe 789, Santa Fe', '0342-478-9012', 'vetsanidad@hotmail.com', 0),
(202198768, 'Mascotas y Más', 'Av. Scalabrini Ortiz 567, Buenos Aires', '011-4856-7890', 'mascotasymas@gmail.com', 0),
(2030345626, 'Vet Naturalis', 'Calle San Juan 789, Mendoza', '0261-478-9012', 'vetnaturalis@yahoo.com', 0),
(202198769, 'Mascotas en Acción', 'Av. Cabildo 3456, Buenos Aires', '011-4786-7890', 'mascotasenaccion@hotmail.com', 0),
(2030345627, 'Vet Cuidado', 'Calle Córdoba 567, Córdoba', '0351-478-9012', 'vetcuidado@gmail.com', 0),
(202198770, 'Mascotas Alegres', 'Av. Corrientes 2345, Buenos Aires', '011-4876-9012', 'mascotasalegres@yahoo.com', 0),
(2030345628, 'Vet Compañía', 'Calle Buenos Aires 789, Buenos Aires', '011-4789-4567', 'vetcompania@hotmail.com', 0);

-- ----------------------------------------------------
-- inserccion de Insumos
-- ----------------------------------------------------
INSERT INTO Insumos (Insumo, Cantidad, precioRefVenta) VALUES ('Alimento para Perros', 500, 2500.00);
INSERT INTO Insumos (Insumo, Cantidad, precioRefVenta) VALUES ('Alimento para Gatos', 250, 3000.00);
INSERT INTO Insumos (Insumo, Cantidad, precioRefVenta) VALUES ('Collar Antipulgas', 100, 1500.00);
INSERT INTO Insumos (Insumo, Cantidad, precioRefVenta) VALUES ('Shampoo para Perros', 300, 1200.00);
INSERT INTO Insumos (Insumo, Cantidad, precioRefVenta) VALUES ('Shampoo para Gatos', 200, 1300.00);
INSERT INTO Insumos (Insumo, Cantidad, precioRefVenta) VALUES ('Jaula para Hamster', 50, 2000.00);
INSERT INTO Insumos (Insumo, Cantidad, precioRefVenta) VALUES ('Arena Sanitaria para Gatos', 150, 800.00);
INSERT INTO Insumos (Insumo, Cantidad, precioRefVenta) VALUES ('Vitamina para Perros', 75, 3500.00);
INSERT INTO Insumos (Insumo, Cantidad, precioRefVenta) VALUES ('Vitamina para Gatos', 60, 4000.00);
INSERT INTO Insumos (Insumo, Cantidad, precioRefVenta) VALUES ('Cama para Perros', 25, 5000.00);
INSERT INTO Insumos (Insumo, Cantidad, precioRefVenta) VALUES ('Cama para Gatos', 30, 4500.00);
INSERT INTO Insumos (Insumo, Cantidad, precioRefVenta) VALUES ('Comedero para Perros', 200, 500.00);
INSERT INTO Insumos (Insumo, Cantidad, precioRefVenta) VALUES ('Comedero para Gatos', 150, 450.00);
INSERT INTO Insumos (Insumo, Cantidad, precioRefVenta) VALUES ('Juguete para Perros', 400, 700.00);
INSERT INTO Insumos (Insumo, Cantidad, precioRefVenta) VALUES ('Juguete para Gatos', 300, 600.00);
INSERT INTO Insumos (Insumo, Cantidad, precioRefVenta) VALUES ('Correa para Perros', 250, 1000.00);
INSERT INTO Insumos (Insumo, Cantidad, precioRefVenta) VALUES ('Arena para Hamster', 100, 150.00);
INSERT INTO Insumos (Insumo, Cantidad, precioRefVenta) VALUES ('Piedra Mineral para Pájaros', 50, 300.00);
INSERT INTO Insumos (Insumo, Cantidad, precioRefVenta) VALUES ('Bebedero para Conejos', 50, 800.00);
INSERT INTO Insumos (Insumo, Cantidad, precioRefVenta) VALUES ('Pienso para Aves', 300, 1000.00);
INSERT INTO Insumos (Insumo, Cantidad, precioRefVenta) VALUES ('Antiparasitario para Perros', 100, 1800.00);
INSERT INTO Insumos (Insumo, Cantidad, precioRefVenta) VALUES ('Acepromacina', 100, 1200.00);
INSERT INTO Insumos (Insumo, Cantidad, precioRefVenta) VALUES ('Amoxicilina', 50, 800.00);
INSERT INTO Insumos (Insumo, Cantidad, precioRefVenta) VALUES ('Atropina', 75, 900.00);
INSERT INTO Insumos (Insumo, Cantidad, precioRefVenta) VALUES ('Buscapina', 80, 1000.00);
INSERT INTO Insumos (Insumo, Cantidad, precioRefVenta) VALUES ('Carprofeno', 150, 1500.00);
INSERT INTO Insumos (Insumo, Cantidad, precioRefVenta) VALUES ('Cefalexina', 60, 750.00);
INSERT INTO Insumos (Insumo, Cantidad, precioRefVenta) VALUES ('Clindamicina', 40, 1300.00);
INSERT INTO Insumos (Insumo, Cantidad, precioRefVenta) VALUES ('Dexametasona', 90, 1800.00);
INSERT INTO Insumos (Insumo, Cantidad, precioRefVenta) VALUES ('Dipirona', 200, 1000.00);
INSERT INTO Insumos (Insumo, Cantidad, precioRefVenta) VALUES ('Enrofloxacina', 50, 1200.00);
INSERT INTO Insumos (Insumo, Cantidad, precioRefVenta) VALUES ('Fenilbutazona', 70, 1500.00);
INSERT INTO Insumos (Insumo, Cantidad, precioRefVenta) VALUES ('Ivermectina', 120, 2000.00);
INSERT INTO Insumos (Insumo, Cantidad, precioRefVenta) VALUES ('Ketoprofeno', 100, 1800.00);
INSERT INTO Insumos (Insumo, Cantidad, precioRefVenta) VALUES ('Meloxicam', 80, 1500.00);
INSERT INTO Insumos (Insumo, Cantidad, precioRefVenta) VALUES ('Metoclopramida', 60, 1000.00);
INSERT INTO Insumos (Insumo, Cantidad, precioRefVenta) VALUES ('Pimobendan', 30, 3000.00);
INSERT INTO Insumos (Insumo, Cantidad, precioRefVenta) VALUES ('Prednisolona', 40, 1200.00);
INSERT INTO Insumos (Insumo, Cantidad, precioRefVenta) VALUES ('Ranitidina', 80, 900.00);
INSERT INTO Insumos (Insumo, Cantidad, precioRefVenta) VALUES ('Sulfadimetoxina', 150, 1800.00);
INSERT INTO Insumos (Insumo, Cantidad, precioRefVenta) VALUES ('Tetraciclina', 100, 1200.00);

-- ----------------------------------------------------
-- inserccion de Ventas
-- ----------------------------------------------------
INSERT INTO Ventas (`Cliente_DNI`,`Fecha`,`Vendedor_DNI`) VALUES ('45678234','2023-04-22 15:30:00',54321098 );
INSERT INTO Ventas (`Cliente_DNI`,`Fecha`,`Vendedor_DNI`) VALUES ('67891234','2023-04-22 12:30:00',54321098 );
INSERT INTO Ventas (`Cliente_DNI`,`Fecha`,`Vendedor_DNI`) VALUES ('38976543','2023-04-21 10:15:00',54321098 );
INSERT INTO Ventas (`Cliente_DNI`,`Fecha`,`Vendedor_DNI`) VALUES ('67893456','2023-04-20 09:45:00',54321098 );
INSERT INTO Ventas (`Cliente_DNI`,`Fecha`,`Vendedor_DNI`) VALUES ('24987654','2023-04-19 14:20:00',54321098 );
INSERT INTO Ventas (`Cliente_DNI`,`Fecha`,`Vendedor_DNI`) VALUES ('45678234','2023-04-18 11:30:00',54321098 );
INSERT INTO Ventas (`Cliente_DNI`,`Fecha`,`Vendedor_DNI`) VALUES ('67891234','2023-04-17 15:30:00',54321098 );
INSERT INTO Ventas (`Cliente_DNI`,`Fecha`,`Vendedor_DNI`) VALUES ('38976543','2023-04-16 10:45:00',98765432 );
INSERT INTO Ventas (`Cliente_DNI`,`Fecha`,`Vendedor_DNI`) VALUES ('67893456','2023-04-15 14:15:00',98765432 );
INSERT INTO Ventas (`Cliente_DNI`,`Fecha`,`Vendedor_DNI`) VALUES ('24987654','2023-04-14 08:30:00',98765432 );
INSERT INTO Ventas (`Cliente_DNI`,`Fecha`,`Vendedor_DNI`) VALUES ('45678234','2023-04-13 16:45:00',98765432 );
INSERT INTO Ventas (`Cliente_DNI`,`Fecha`,`Vendedor_DNI`) VALUES ('67891234','2023-04-12 13:30:00',98765432 );
INSERT INTO Ventas (`Cliente_DNI`,`Fecha`,`Vendedor_DNI`) VALUES ('38976543','2023-04-11 12:15:00',98765432 );
INSERT INTO Ventas (`Cliente_DNI`,`Fecha`,`Vendedor_DNI`) VALUES ('67893456','2023-04-10 09:45:00',54321098 );
INSERT INTO Ventas (`Cliente_DNI`,`Fecha`,`Vendedor_DNI`) VALUES ('24987654','2023-04-09 11:20:00',54321098 );
INSERT INTO Ventas (`Cliente_DNI`,`Fecha`,`Vendedor_DNI`) VALUES ('45678234','2023-04-08 14:30:00',54321098 );
INSERT INTO Ventas (`Cliente_DNI`,`Fecha`,`Vendedor_DNI`) VALUES ('67891234','2023-04-07 15:00:00',54321098 );
INSERT INTO Ventas (`Cliente_DNI`,`Fecha`,`Vendedor_DNI`) VALUES ('38976543','2023-04-06 08:45:00',87654321 );
INSERT INTO Ventas (`Cliente_DNI`,`Fecha`,`Vendedor_DNI`) VALUES ('67893456','2023-04-05 11:15:00',87654321 );
INSERT INTO Ventas (`Cliente_DNI`,`Fecha`,`Vendedor_DNI`) VALUES ('24987654','2023-04-04 12:20:00',87654321 );
INSERT INTO Ventas (`Cliente_DNI`,`Fecha`,`Vendedor_DNI`) VALUES ('24987654','2023-04-09 11:20:00',87654321 );
INSERT INTO Ventas (`Cliente_DNI`,`Fecha`,`Vendedor_DNI`) VALUES ('45678234','2023-04-08 14:30:00',87654321 );
INSERT INTO Ventas (`Cliente_DNI`,`Fecha`,`Vendedor_DNI`) VALUES ('67891234','2023-04-07 15:24:00',54321098 );
INSERT INTO Ventas (`Cliente_DNI`,`Fecha`,`Vendedor_DNI`) VALUES ('38976543','2023-04-06 08:01:00',54321098 );
INSERT INTO Ventas (`Cliente_DNI`,`Fecha`,`Vendedor_DNI`) VALUES ('67893456','2023-04-05 12:45:00',54321098 );
INSERT INTO Ventas (`Cliente_DNI`,`Fecha`,`Vendedor_DNI`) VALUES ('24987654','2023-04-04 12:30:00',54321098 );


-- ----------------------------------------------------
-- inserccion de Lineas de Ventas
-- ----------------------------------------------------
INSERT INTO LineaDeVentas (idVentas, idInsumos, `PrecioUnidad`, `Cantidad`) VALUES (4, 5, 5.5,  2 );
INSERT INTO LineaDeVentas (idVentas, idInsumos, `PrecioUnidad`, `Cantidad`) VALUES (5, 6, 3.25, 4 );
INSERT INTO LineaDeVentas (idVentas, idInsumos, `PrecioUnidad`, `Cantidad`) VALUES (6, 7, 8.0,  1 );
INSERT INTO LineaDeVentas (idVentas, idInsumos, `PrecioUnidad`, `Cantidad`) VALUES (7, 8, 10.75,3 );
INSERT INTO LineaDeVentas (idVentas, idInsumos, `PrecioUnidad`, `Cantidad`) VALUES (8, 5, 4.5,  5 );
INSERT INTO LineaDeVentas (idVentas, idInsumos, `PrecioUnidad`, `Cantidad`) VALUES (9, 6, 7.25, 2 );
INSERT INTO LineaDeVentas (idVentas, idInsumos, `PrecioUnidad`, `Cantidad`) VALUES (4, 7, 9.5,  1 );
INSERT INTO LineaDeVentas (idVentas, idInsumos, `PrecioUnidad`, `Cantidad`) VALUES (4, 8, 12.0, 2 );
INSERT INTO LineaDeVentas (idVentas, idInsumos, `PrecioUnidad`, `Cantidad`) VALUES (5, 5, 6.25, 3 );
INSERT INTO LineaDeVentas (idVentas, idInsumos, `PrecioUnidad`, `Cantidad`) VALUES (5, 6, 3.75, 6 );
INSERT INTO LineaDeVentas (idVentas, idInsumos, `PrecioUnidad`, `Cantidad`) VALUES (6, 7, 8.5,  1 );
INSERT INTO LineaDeVentas (idVentas, idInsumos, `PrecioUnidad`, `Cantidad`) VALUES (6, 8, 11.25,2 );
INSERT INTO LineaDeVentas (idVentas, idInsumos, `PrecioUnidad`, `Cantidad`) VALUES (7, 5, 7.0,  4 );
INSERT INTO LineaDeVentas (idVentas, idInsumos, `PrecioUnidad`, `Cantidad`) VALUES (7, 6, 4.25, 5 );
INSERT INTO LineaDeVentas (idVentas, idInsumos, `PrecioUnidad`, `Cantidad`) VALUES (8, 7, 10.0, 2 );
INSERT INTO LineaDeVentas (idVentas, idInsumos, `PrecioUnidad`, `Cantidad`) VALUES (8, 8, 14.5, 1 );
INSERT INTO LineaDeVentas (idVentas, idInsumos, `PrecioUnidad`, `Cantidad`) VALUES (9, 5, 5.75, 3 );
INSERT INTO LineaDeVentas (idVentas, idInsumos, `PrecioUnidad`, `Cantidad`) VALUES (9, 6, 2.5,  7 );
INSERT INTO LineaDeVentas (idVentas, idInsumos, `PrecioUnidad`, `Cantidad`) VALUES (10,7, 7.75, 1 );
INSERT INTO LineaDeVentas (idVentas, idInsumos, `PrecioUnidad`, `Cantidad`) VALUES (10,8, 9.0 ,  2 );
INSERT INTO LineaDeVentas (idVentas, idInsumos, `PrecioUnidad`, `Cantidad`) VALUES (7, 6, 4.25, 5 );
INSERT INTO LineaDeVentas (idVentas, idInsumos, `PrecioUnidad`, `Cantidad`) VALUES (8, 7, 10.0, 2 );
INSERT INTO LineaDeVentas (idVentas, idInsumos, `PrecioUnidad`, `Cantidad`) VALUES (8, 8, 14.5, 1 );
INSERT INTO LineaDeVentas (idVentas, idInsumos, `PrecioUnidad`, `Cantidad`) VALUES (9, 5, 5.75, 3 );
INSERT INTO LineaDeVentas (idVentas, idInsumos, `PrecioUnidad`, `Cantidad`) VALUES (9, 6, 2.5,  7 );
INSERT INTO LineaDeVentas (idVentas, idInsumos, `PrecioUnidad`, `Cantidad`) VALUES (10,7, 7.75, 1 );
INSERT INTO LineaDeVentas (idVentas, idInsumos, `PrecioUnidad`, `Cantidad`) VALUES (10,8, 9.0 ,  2 );

-- ----------------------------------------------------
-- inserccion de Compras
-- ----------------------------------------------------

INSERT INTO Compras (Proveedor_CUIL,Fecha) VALUES('202345621', '2023-04-22 12:00:00');
INSERT INTO Compras (Proveedor_CUIL,Fecha) VALUES('202134567', '2023-04-21 14:30:00');
INSERT INTO Compras (Proveedor_CUIL,Fecha) VALUES('202345111', '2023-04-20 10:15:00');
INSERT INTO Compras (Proveedor_CUIL,Fecha) VALUES('201234571', '2023-04-19 16:45:00');
INSERT INTO Compras (Proveedor_CUIL,Fecha) VALUES('2030345621','2023-04-18 09:30:00');
INSERT INTO Compras (Proveedor_CUIL,Fecha) VALUES('202198761', '2023-04-17 11:00:00');
INSERT INTO Compras (Proveedor_CUIL,Fecha) VALUES('202345681', '2023-04-16 13:30:00');
INSERT INTO Compras (Proveedor_CUIL,Fecha) VALUES('201234573', '2023-04-15 15:45:00');
INSERT INTO Compras (Proveedor_CUIL,Fecha) VALUES('202345691', '2023-04-14 12:15:00');
INSERT INTO Compras (Proveedor_CUIL,Fecha) VALUES('202198763', '2023-04-13 08:30:00');
INSERT INTO Compras (Proveedor_CUIL,Fecha) VALUES('2030345622','2023-04-12 10:00:00');
INSERT INTO Compras (Proveedor_CUIL,Fecha) VALUES('202198764', '2023-04-11 12:30:00');
INSERT INTO Compras (Proveedor_CUIL,Fecha) VALUES('2030345623','2023-04-10 14:45:00');
INSERT INTO Compras (Proveedor_CUIL,Fecha) VALUES('202198765', '2023-04-09 09:15:00');
INSERT INTO Compras (Proveedor_CUIL,Fecha) VALUES('2030345624','2023-04-08 15:30:00');
INSERT INTO Compras (Proveedor_CUIL,Fecha) VALUES('202198766', '2023-04-07 11:00:00');
INSERT INTO Compras (Proveedor_CUIL,Fecha) VALUES('202345701', '2023-04-06 13:30:00');
INSERT INTO Compras (Proveedor_CUIL,Fecha) VALUES('202198767', '2023-04-05 15:45:00');
INSERT INTO Compras (Proveedor_CUIL,Fecha) VALUES('2030345625','2023-04-04 12:15:00');
INSERT INTO Compras (Proveedor_CUIL,Fecha) VALUES('202198768', '2023-04-03 08:30:00');
INSERT INTO Compras (Proveedor_CUIL,Fecha) VALUES('2030345626','2023-04-04 12:15:03');
INSERT INTO Compras (Proveedor_CUIL,Fecha) VALUES('202198769', '2023-04-04 12:15:56');
INSERT INTO Compras (Proveedor_CUIL,Fecha) VALUES('2030345627','2023-05-04 12:15:00');
INSERT INTO Compras (Proveedor_CUIL,Fecha) VALUES('202198770', '2023-04-04 12:14:00');

-- ----------------------------------------------------
-- inserccion de Lineas de Compras
-- ----------------------------------------------------
INSERT INTO LineaDeCompras (idCompras,idInsumos,`PrecioUnidad`, `Cantidad`) VALUES (1, 1, 5.0, 10);
INSERT INTO LineaDeCompras (idCompras,idInsumos,`PrecioUnidad`, `Cantidad`) VALUES (1, 2, 7.5, 5);
INSERT INTO LineaDeCompras (idCompras,idInsumos,`PrecioUnidad`, `Cantidad`) VALUES (1, 3, 3.0, 20);
INSERT INTO LineaDeCompras (idCompras,idInsumos,`PrecioUnidad`, `Cantidad`) VALUES (2, 1, 5.0, 15);
INSERT INTO LineaDeCompras (idCompras,idInsumos,`PrecioUnidad`, `Cantidad`) VALUES (2, 4, 12.0, 3);
INSERT INTO LineaDeCompras (idCompras,idInsumos,`PrecioUnidad`, `Cantidad`) VALUES (2, 6, 2.5, 30);
INSERT INTO LineaDeCompras (idCompras,idInsumos,`PrecioUnidad`, `Cantidad`) VALUES (3, 3, 3.0, 25);
INSERT INTO LineaDeCompras (idCompras,idInsumos,`PrecioUnidad`, `Cantidad`) VALUES (3, 5, 6.5, 8);
INSERT INTO LineaDeCompras (idCompras,idInsumos,`PrecioUnidad`, `Cantidad`) VALUES (4, 2, 7.5, 7);
INSERT INTO LineaDeCompras (idCompras,idInsumos,`PrecioUnidad`, `Cantidad`) VALUES (4, 4, 12.0, 4);
INSERT INTO LineaDeCompras (idCompras,idInsumos,`PrecioUnidad`, `Cantidad`) VALUES (4, 6, 2.5, 40);
INSERT INTO LineaDeCompras (idCompras,idInsumos,`PrecioUnidad`, `Cantidad`) VALUES (5, 1, 5.0, 20);
INSERT INTO LineaDeCompras (idCompras,idInsumos,`PrecioUnidad`, `Cantidad`) VALUES (5, 3, 3.0, 30);
INSERT INTO LineaDeCompras (idCompras,idInsumos,`PrecioUnidad`, `Cantidad`) VALUES (6, 2, 7.5, 4);
INSERT INTO LineaDeCompras (idCompras,idInsumos,`PrecioUnidad`, `Cantidad`) VALUES (6, 4, 12.0, 2);
INSERT INTO LineaDeCompras (idCompras,idInsumos,`PrecioUnidad`, `Cantidad`) VALUES (6, 5, 6.5, 10);
INSERT INTO LineaDeCompras (idCompras,idInsumos,`PrecioUnidad`, `Cantidad`) VALUES (7, 3, 3.0, 10);
INSERT INTO LineaDeCompras (idCompras,idInsumos,`PrecioUnidad`, `Cantidad`) VALUES (7, 6, 2.5, 20);
INSERT INTO LineaDeCompras (idCompras,idInsumos,`PrecioUnidad`, `Cantidad`) VALUES (7,5,8.0,1);
INSERT INTO LineaDeCompras (idCompras,idInsumos,`PrecioUnidad`, `Cantidad`) VALUES (8,5,2.0,1);
-- -------------------------------------------------
-- Inserccion de citas
-- -----------------------------------------------

    INSERT INTO Citas (Mascota_idMascota, Mascota_Cliente_DNI, Veterinario_DNI, Fecha, Consultorio, Monto)
VALUES (1, '14456672', '40899365', '2023-04-22 15:30:00', 'A3', 150.0);
    INSERT INTO Citas (Mascota_idMascota, Mascota_Cliente_DNI, Veterinario_DNI, Fecha, Consultorio, Monto)
VALUES (2, '31567788', '25781234', '2023-04-22 10:00:00', 'A2', 35.0);
    INSERT INTO Citas (Mascota_idMascota, Mascota_Cliente_DNI, Veterinario_DNI, Fecha, Consultorio, Monto)
VALUES (3, '25567344', '40523123', '2023-04-22 12:00:00', 'A4', 25.0);
    INSERT INTO Citas (Mascota_idMascota, Mascota_Cliente_DNI, Veterinario_DNI, Fecha, Consultorio, Monto)
VALUES (4, '38768990', '18765432', '2023-04-23 09:00:00', 'A5', 60.0);
    INSERT INTO Citas (Mascota_idMascota, Mascota_Cliente_DNI, Veterinario_DNI, Fecha, Consultorio, Monto)
VALUES (5, '29874216', '31987654', '2023-04-23 10:00:00', 'A1', 45.0);
    INSERT INTO Citas (Mascota_idMascota, Mascota_Cliente_DNI, Veterinario_DNI, Fecha, Consultorio, Monto)
VALUES (6, '40899365', '67891234', '2023-04-23 11:00:00', 'A2', 80.0);
    INSERT INTO Citas (Mascota_idMascota, Mascota_Cliente_DNI, Veterinario_DNI, Fecha, Consultorio, Monto)
VALUES (7, '25781234', '67893456', '2023-04-23 12:00:00', 'A3', 15.0);
    INSERT INTO Citas (Mascota_idMascota, Mascota_Cliente_DNI, Veterinario_DNI, Fecha, Consultorio, Monto)
VALUES (8, '40523123', '14456672', '2023-04-24 09:00:00', 'A4', 50.0);
    INSERT INTO Citas (Mascota_idMascota, Mascota_Cliente_DNI, Veterinario_DNI, Fecha, Consultorio, Monto)
VALUES (9, '18765432', '31567788', '2023-04-24 10:00:00', 'A5', 35.0);
    INSERT INTO Citas (Mascota_idMascota, Mascota_Cliente_DNI, Veterinario_DNI, Fecha, Consultorio, Monto)
VALUES (10, 31987654, 45678234, '2023-05-15 10:30:00', 'A1', 50.00);
	INSERT INTO Citas (Mascota_idMascota, Mascota_Cliente_DNI, Veterinario_DNI, Fecha, Consultorio, Monto)
VALUES (11, 43789123, 67893456, '2023-05-15 11:15:00', 'A2', 60.00);
	INSERT INTO Citas (Mascota_idMascota, Mascota_Cliente_DNI, Veterinario_DNI, Fecha, Consultorio, Monto)
VALUES (12, 30657891, 38976543, '2023-05-16 13:00:00', 'A3', 55.00);
	INSERT INTO Citas (Mascota_idMascota, Mascota_Cliente_DNI, Veterinario_DNI, Fecha, Consultorio, Monto)
VALUES (13, 23981234, 24987654, '2023-05-16 14:30:00', 'A4', 65.00);
	INSERT INTO Citas (Mascota_idMascota, Mascota_Cliente_DNI, Veterinario_DNI, Fecha, Consultorio, Monto)
VALUES (14, 39456789, 67893456, '2023-05-17 15:45:00', 'A1', 50.00);
	INSERT INTO Citas (Mascota_idMascota, Mascota_Cliente_DNI, Veterinario_DNI, Fecha, Consultorio, Monto)
VALUES (15, 45678234, 45678234, '2023-05-17 16:30:00', 'A2', 60.00);
	INSERT INTO Citas (Mascota_idMascota, Mascota_Cliente_DNI, Veterinario_DNI, Fecha, Consultorio, Monto)
VALUES (16, 24987654, 67891234, '2023-05-18 10:00:00', 'A1', 55.00);
	INSERT INTO Citas (Mascota_idMascota, Mascota_Cliente_DNI, Veterinario_DNI, Fecha, Consultorio, Monto)
VALUES (17, 67893456, 45678234, '2023-05-18 11:15:00', 'A3', 65.00);
	INSERT INTO Citas (Mascota_idMascota, Mascota_Cliente_DNI, Veterinario_DNI, Fecha, Consultorio, Monto)
VALUES (18, 38976543, 67893456, '2023-05-19 14:00:00', 'A2', 50.00);
	INSERT INTO Citas (Mascota_idMascota, Mascota_Cliente_DNI, Veterinario_DNI, Fecha, Consultorio, Monto)
VALUES (19, 67891234, 24987654, '2023-03-19 16:30:00', 'A4', 60.00);
INSERT INTO Citas (Mascota_idMascota, Mascota_Cliente_DNI, Veterinario_DNI, Fecha, Consultorio, Monto)
VALUES (19, 67891234, 24987654, '2023-05-12 13:30:00', 'A4', 60.00);
INSERT INTO Citas (Mascota_idMascota, Mascota_Cliente_DNI, Veterinario_DNI, Fecha, Consultorio, Monto)
VALUES (19, 67891234, 24987654, '2023-03-01 18:30:00', 'A4', 60.00);

-- --------------------------------------------------------------------
-- Inserccion de Historias
-- ----------------------------------------------------------------------
INSERT INTO Historias (Citas_idCita, Citas_Mascota_idMascota,  Citas_Mascota_Cliente_DNI,Citas_Veterinario_DNI, Titulo, Descripcion, Imagenes)
VALUES 
(1, 1 ,'14456672', '40899365', 'Historia 1', 'Esta es la descripción de la historia 1', 'imagen1'),
(2, 2 ,'31567788', '25781234', 'Historia 2', 'Esta es la descripción de la historia 2', NULL),
(3, 3 ,'25567344', '40523123',  'Historia 3', 'Esta es la descripción de la historia 3', NULL),
(4, 4 ,'38768990', '18765432', 'Historia 4', 'Esta es la descripción de la historia 4', NULL),
(5, 5 ,'29874216', '31987654',  'Historia 5', 'Esta es la descripción de la historia 5', NULL),
(6, 6, '40899365', '67891234',   'Historia 6', 'Esta es la descripción de la historia 6', 'imagen2'),
(7, 7, '25781234', '67893456','Historia 7', 'Esta es la descripción de la historia 7', NULL),
(8, 8, '40523123', '14456672', 'Historia 8', 'Esta es la descripción de la historia 8', NULL),
(9, 9, '18765432', '31567788', 'Historia 9', 'Esta es la descripción de la historia 9', NULL),
(10,10, '31987654', '45678234', 'Historia 1', 'Esta es la descripción de la historia 1', 'imagen1'),
(12,12, '30657891', '38976543', 'Historia 2', 'Esta es la descripción de la historia 2', NULL),
(13,13, '23981234', '24987654', 'Historia 3', 'Esta es la descripción de la historia 3', NULL),
(14,14, '39456789', '67893456', 'Historia 4', 'Esta es la descripción de la historia 4', NULL),
(15,15, '45678234', '45678234', 'Historia 5', 'Esta es la descripción de la historia 5', NULL),
(16,16, '24987654', '67891234', 'Historia 6', 'Esta es la descripción de la historia 6', 'imagen2'),
(17,17, '67893456', '45678234', 'Historia 7', 'Esta es la descripción de la historia 7', NULL),
(18,18, '38976543', '67893456', 'Historia 8', 'Esta es la descripción de la historia 8', NULL),
(19,19, '67891234', '24987654', 'Historia 9', 'Esta es la descripción de la historia 9', NULL),
(20,19, '67891234', '24987654', 'Historia 20 idmascota 19', 'Esta es la descripción de la historia 9', NULL),
(21,19, '67891234', '24987654', 'Historia 30 idmascota 19', 'Esta es la descripción de la historia 9', NULL);




















 